pos,AA change,B.1.1.529,B.1.1.7,B.1.351,B.1.427,B.1.525,B.1.526,B.1.617.1,B.1.617.2,C.37,JN.1.11.1,KP.3.1.1,P.1,P.2,P.3,XBB.1.5,XEC
69,H69-,1,1,0,0,1,0,0,0,0,0,0,0,0,0,0,0
142,G142D,1,0,0,0,0,0,1,1,0,0,0,0,0,0,1,0
95,T95I,1,0,0,0,0,1,1,0,0,0,0,0,0,0,0,0
67,A67-,1,0,0,0,1,0,0,0,0,0,0,0,0,0,0,0
68,I68V,1,0,0,0,1,0,0,0,0,0,0,0,0,0,0,0
70,V70I,1,0,0,0,1,0,0,0,0,0,0,0,0,0,0,0
143,V143-,1,0,0,0,0,0,0,0,0,0,0,0,0,1,0,0
144,Y144-,1,1,0,0,1,0,0,0,0,0,0,0,0,0,1,0
145,Y145-,1,0,0,0,0,0,0,0,0,1,1,0,0,0,0,1
211,N211-,1,0,0,0,0,0,0,0,0,0,0,0,0,0,0,0
212,L212I,1,0,0,0,0,0,0,0,0,0,0,0,0,0,0,0
614,D614G,0,1,1,1,1,1,1,1,1,0,0,1,1,1,1,0
969,N969K,0,0,0,0,0,0,0,0,0,0,0,0,0,0,1,0
681,P681H,0,1,0,0,0,0,0,0,0,0,0,0,0,1,1,0
655,H655Y,0,0,0,0,0,0,0,0,0,0,0,1,0,0,1,0
679,N679K,0,0,0,0,0,0,0,0,0,0,0,0,0,0,1,0
954,Q954H,0,0,0,0,0,0,0,0,0,0,0,0,0,0,1,0
796,D796Y,0,0,0,0,0,0,0,0,0,0,0,0,0,0,1,0
764,N764K,0,0,0,0,0,0,0,0,0,0,0,0,0,0,1,0
19,T19I,0,0,0,0,0,0,0,0,0,0,0,0,0,0,1,0
24,L24-,0,0,0,0,0,0,0,0,0,0,0,0,0,0,1,0
25,P25-,0,0,0,0,0,0,0,0,0,0,0,0,0,0,1,0
26,P26-,0,0,0,0,0,0,0,0,0,0,0,0,0,0,1,0
27,A27S,0,0,0,0,0,0,0,0,0,0,0,0,0,0,1,0
478,T478K,0,0,0,0,0,0,0,1,0,0,0,0,0,0,1,0
70,V70-,0,1,0,0,0,0,0,0,0,0,0,0,0,0,0,0
501,N501Y,0,1,1,0,0,0,0,0,0,0,0,1,0,1,1,0
505,Y505H,0,0,0,0,0,0,0,0,0,0,0,0,0,0,1,0
498,Q498R,0,0,0,0,0,0,0,0,0,0,0,0,0,0,1,0
484,E484A,0,0,0,0,0,0,0,0,0,0,0,0,0,0,1,0
452,L452R,0,0,0,1,0,0,1,1,0,0,0,0,0,0,0,0
158,R158G,0,0,0,0,0,0,0,1,0,0,0,0,0,0,0,0
156,E156-,0,0,0,0,0,0,0,1,0,0,0,0,0,0,0,0
157,F157-,0,0,0,0,0,0,0,1,0,0,0,0,0,0,0,0
373,S373P,0,0,0,0,0,0,0,0,0,0,0,0,0,0,1,0
375,S375F,0,0,0,0,0,0,0,0,0,0,0,0,0,0,1,0
477,S477N,0,0,0,0,0,0,0,0,0,0,0,0,0,0,1,0
19,T19R,0,0,0,0,0,0,0,1,0,0,0,0,0,0,0,0
440,N440K,0,0,0,0,0,0,0,0,0,0,0,0,0,0,1,0
681,P681R,0,0,0,0,0,0,1,1,0,0,0,0,0,0,0,0
417,K417N,0,0,1,0,0,0,0,0,0,0,0,0,0,0,1,0
76,T76I,0,0,0,0,0,0,0,0,1,0,0,0,0,0,0,0
950,D950N,0,0,0,0,0,0,0,1,0,0,0,0,0,0,0,0
376,T376A,0,0,0,0,0,0,0,0,0,0,0,0,0,0,1,0
446,G446S,0,0,0,0,0,0,0,0,0,0,0,0,0,0,1,0
371,S371F,0,0,0,0,0,0,0,0,0,0,0,0,0,0,1,0
5,L5F,0,0,0,0,0,1,0,0,0,0,0,0,0,0,0,0
408,R408S,0,0,0,0,0,0,0,0,0,0,0,0,0,0,1,0
701,A701V,0,0,1,0,0,1,0,0,0,0,0,0,0,0,0,0
405,D405N,0,0,0,0,0,0,0,0,0,0,0,0,0,0,1,0
1118,D1118H,0,1,0,0,0,0,0,0,0,0,0,0,0,0,0,0
716,T716I,0,1,0,0,0,0,0,0,0,0,0,0,0,0,0,0
859,T859N,0,0,0,0,0,0,0,0,1,0,0,0,0,0,0,0
417,K417T,0,0,0,0,0,0,0,0,0,0,0,1,0,0,0,0
75,G75V,0,0,0,0,0,0,0,0,1,0,0,0,0,0,0,0
18,L18F,0,0,0,0,0,0,0,0,0,0,0,1,0,0,0,0
26,P26S,0,0,0,0,0,0,0,0,0,0,0,1,0,0,0,0
484,E484Q,0,0,0,0,0,0,1,0,0,0,0,0,0,0,0,0
138,D138Y,0,0,0,0,0,0,0,0,0,0,0,1,0,0,0,0
346,R346T,0,0,0,0,0,0,0,0,0,0,0,0,0,0,1,0
83,V83A,0,0,0,0,0,0,0,0,0,0,0,0,0,0,1,0
213,V213E,0,0,0,0,0,0,0,0,0,0,0,0,0,0,1,0
570,A570D,0,1,0,0,0,0,0,0,0,0,0,0,0,0,0,0
484,E484K,0,0,1,0,1,1,0,0,0,0,0,1,1,1,0,0
982,S982A,0,1,0,0,0,0,0,0,0,0,0,0,0,0,0,0
490,F490S,0,0,0,0,0,0,0,0,1,0,0,0,0,0,1,0
677,Q677H,0,0,0,0,1,0,0,0,0,0,0,0,0,0,0,0
142,G142-,0,0,0,0,0,0,0,0,0,0,0,0,0,1,0,0
940,S940F,0,0,0,0,0,0,0,0,0,1,1,0,0,0,0,1
1176,V1176F,0,0,0,0,0,0,0,0,0,0,0,1,1,1,0,0
253,D253G,0,0,0,0,0,1,0,0,0,0,0,0,0,0,0,0
1101,H1101Y,0,0,0,0,0,0,0,0,0,0,0,0,0,1,0,0
242,L242-,0,0,1,0,0,0,0,0,0,0,0,0,0,1,0,0
243,A243-,0,0,1,0,0,0,0,0,0,0,0,0,0,1,0,0
215,D215G,0,0,1,0,0,0,0,0,0,0,0,0,0,0,0,0
13,S13I,0,0,0,1,0,0,0,0,0,0,0,0,0,0,0,0
615,D615G,0,0,0,0,0,0,0,0,0,1,1,0,0,0,0,1
20,T20N,0,0,0,0,0,0,0,0,0,0,0,1,0,0,0,0
502,N502Y,0,0,0,0,0,0,0,0,0,1,1,0,0,0,0,1
241,L241-,0,0,1,0,0,0,0,0,0,0,0,0,0,0,0,0
141,L141-,0,0,0,0,0,0,0,0,0,0,0,0,0,1,0,0
253,D253N,0,0,0,0,0,0,0,0,1,0,0,0,0,0,0,0
70,H70-,0,0,0,0,0,0,0,0,0,1,1,0,0,0,0,1
71,V71-,0,0,0,0,0,0,0,0,0,1,1,0,0,0,0,1
246,R246-,0,0,0,0,0,0,0,0,1,0,0,0,0,0,0,0
190,R190S,0,0,0,0,0,0,0,0,0,0,0,1,0,0,0,0
1027,T1027I,0,0,0,0,0,0,0,0,0,0,0,1,0,0,0,0
368,L368I,0,0,0,0,0,0,0,0,0,0,0,0,0,0,1,0
80,D80A,0,0,1,0,0,0,0,0,0,0,0,0,0,0,0,0
888,F888L,0,0,0,0,1,0,0,0,0,0,0,0,0,0,0,0
247,S247-,0,0,0,0,0,0,0,0,1,0,0,0,0,0,0,0
248,Y248-,0,0,0,0,0,0,0,0,1,0,0,0,0,0,0,0
52,Q52R,0,0,0,0,1,0,0,0,0,0,0,0,0,0,0,0
447,G447S,0,0,0,0,0,0,0,0,0,1,1,0,0,0,0,1
20,T20F,0,0,0,0,0,0,0,0,0,1,1,0,0,0,0,1
154,E154K,0,0,0,0,0,0,1,0,0,0,0,0,0,0,0,0
152,W152C,0,0,0,1,0,0,0,0,0,0,0,0,0,0,0,0
452,L452Q,0,0,0,0,0,0,0,0,1,0,0,0,0,0,0,0
1092,E1092K,0,0,0,0,0,0,0,0,0,0,0,0,0,1,0,0
485,E485K,0,0,0,0,0,0,0,0,0,1,1,0,0,0,0,1
478,S478N,0,0,0,0,0,0,0,0,0,1,1,0,0,0,0,1
460,N460K,0,0,0,0,0,0,0,0,0,0,0,0,0,0,1,0
77,K77T,0,0,0,0,0,0,0,1,0,0,0,0,0,0,0,0
1071,Q1071H,0,0,0,0,0,0,1,0,0,0,0,0,0,0,0,0
249,L249-,0,0,0,0,0,0,0,0,1,0,0,0,0,0,0,0
250,T250-,0,0,0,0,0,0,0,0,1,0,0,0,0,0,0,0
251,P251-,0,0,0,0,0,0,0,0,1,0,0,0,0,0,0,0
252,G252-,0,0,0,0,0,0,0,0,1,0,0,0,0,0,0,0
23,T23I,0,0,0,0,0,0,0,0,0,1,1,0,0,0,0,1
24,Q24T,0,0,0,0,0,0,0,0,0,1,1,0,0,0,0,1
25,L25T,0,0,0,0,0,0,0,0,0,1,1,0,0,0,0,1
26,P26T,0,0,0,0,0,0,0,0,0,1,1,0,0,0,0,0
27,P27Q,0,0,0,0,0,0,0,0,0,1,1,0,0,0,0,1
28,A28S,0,0,0,0,0,0,0,0,0,1,1,0,0,0,0,1
128,V128F,0,0,0,0,0,0,0,0,0,1,1,0,0,0,0,1
143,G143D,0,0,0,0,0,0,0,0,0,1,1,0,0,0,0,1
159,R159G,0,0,0,0,0,0,0,0,0,1,1,0,0,0,0,1
212,N212-,0,0,0,0,0,0,0,0,0,1,1,0,0,0,0,1
213,L213I,0,0,0,0,0,0,0,0,0,1,1,0,0,0,0,1
217,L217F,0,0,0,0,0,0,0,0,0,1,1,0,0,0,0,1
246,H246N,0,0,0,0,0,0,0,0,0,1,1,0,0,0,0,1
265,A265D,0,0,0,0,0,0,0,0,0,1,1,0,0,0,0,1
404,R404K,0,0,0,0,0,0,0,0,0,1,1,0,0,0,0,1
406,D406N,0,0,0,0,0,0,0,0,0,1,1,0,0,0,0,1
418,K418N,0,0,0,0,0,0,0,0,0,1,1,0,0,0,0,1
441,N441K,0,0,0,0,0,0,0,0,0,1,1,0,0,0,0,1
451,N451D,0,0,0,0,0,0,0,0,0,1,1,0,0,0,0,1
453,L453W,0,0,0,0,0,0,0,0,0,1,1,0,0,0,0,1
456,L456S,0,0,0,0,0,0,0,0,0,1,1,0,0,0,0,1
457,F457L,0,0,0,0,0,0,0,0,0,1,1,0,0,0,0,1
461,N461K,0,0,0,0,0,0,0,0,0,1,1,0,0,0,0,1
482,N482K,0,0,0,0,0,0,0,0,0,1,1,0,0,0,0,1
484,V484-,0,0,0,0,0,0,0,0,0,1,1,0,0,0,0,1
487,F487P,0,0,0,0,0,0,0,0,0,1,1,0,0,0,0,1
499,Q499R,0,0,0,0,0,0,0,0,0,1,1,0,0,0,0,1
555,E555K,0,0,0,0,0,0,0,0,0,1,1,0,0,0,0,1
571,A571V,0,0,0,0,0,0,0,0,0,1,1,0,0,0,0,1
622,P622S,0,0,0,0,0,0,0,0,0,1,1,0,0,0,0,1
656,H656Y,0,0,0,0,0,0,0,0,0,1,1,0,0,0,0,1
680,N680K,0,0,0,0,0,0,0,0,0,1,1,0,0,0,0,1
682,P682R,0,0,0,0,0,0,0,0,0,1,1,0,0,0,0,1
765,N765K,0,0,0,0,0,0,0,0,0,1,1,0,0,0,0,1
955,Q955H,0,0,0,0,0,0,0,0,0,1,1,0,0,0,0,1
970,N970K,0,0,0,0,0,0,0,0,0,1,1,0,0,0,0,1
1144,P1144L,0,0,0,0,0,0,0,0,0,1,1,0,0,0,0,1
17,-17M,0,0,0,0,0,0,0,0,0,1,1,0,0,0,0,1
18,N18P,0,0,0,0,0,0,0,0,0,1,1,0,0,0,0,1
21,T21N,0,0,0,0,0,0,0,0,0,1,1,0,0,0,0,1
22,R22L,0,0,0,0,0,0,0,0,0,1,1,0,0,0,0,1
51,S51L,0,0,0,0,0,0,0,0,0,1,1,0,0,0,0,1
158,F158S,0,0,0,0,0,0,0,0,0,1,1,0,0,0,0,1
506,Y506H,0,0,0,0,0,0,0,0,0,1,1,0,0,0,0,1
797,D797Y,0,0,0,0,0,0,0,0,0,1,1,0,0,0,0,1
214,V214G,0,0,0,0,0,0,0,0,0,1,1,0,0,0,0,1
333,I333V,0,0,0,0,0,0,0,0,0,1,1,0,0,0,0,1
340,G340H,0,0,0,0,0,0,0,0,0,1,1,0,0,0,0,1
409,R409S,0,0,0,0,0,0,0,0,0,1,1,0,0,0,0,1
446,V446H,0,0,0,0,0,0,0,0,0,1,1,0,0,0,0,1
479,T479K,0,0,0,0,0,0,0,0,0,1,1,0,0,0,0,1
357,K357T,0,0,0,0,0,0,0,0,0,1,1,0,0,0,0,1
372,S372F,0,0,0,0,0,0,0,0,0,1,1,0,0,0,0,1
374,S374P,0,0,0,0,0,0,0,0,0,1,1,0,0,0,0,1
376,S376F,0,0,0,0,0,0,0,0,0,1,1,0,0,0,0,1
377,T377A,0,0,0,0,0,0,0,0,0,1,1,0,0,0,0,1
1105,V1105L,0,0,0,0,0,0,0,0,0,1,1,0,0,0,0,1
32,S32-,0,0,0,0,0,0,0,0,0,0,1,0,0,0,0,0
339,G339H,0,0,0,0,0,0,0,0,0,0,0,0,0,0,1,0
486,F486P,0,0,0,0,0,0,0,0,0,0,0,0,0,0,1,0
494,Q494E,0,0,0,0,0,0,0,0,0,0,1,0,0,0,0,1
26,P26N,0,0,0,0,0,0,0,0,0,0,0,0,0,0,0,1
265,Y265C,0,0,0,0,0,0,0,0,0,0,0,0,0,1,0,0
445,V445P,0,0,0,0,0,0,0,0,0,0,0,0,0,0,1,0
183,Q183E,0,0,0,0,0,0,0,0,0,0,0,0,0,0,1,0
60,F60S,0,0,0,0,0,0,0,0,0,0,0,0,0,0,0,1
